[{"id":"6283136394680@s.whatsapp.net","uang":23436},{"id":"6283854560561@s.whatsapp.net","uang":474},{"id":"6283873336104@s.whatsapp.net","uang":97},{"id":"6285270424604@s.whatsapp.net","uang":180},{"id":"6283844676163@s.whatsapp.net","uang":1615},{"id":"6285600566012@s.whatsapp.net","uang":380},{"id":"6281999275581@s.whatsapp.net","uang":1217},{"id":"62895619792393@s.whatsapp.net","uang":96},{"id":"6288262095057@s.whatsapp.net","uang":383},{"id":"6289503417432@s.whatsapp.net","uang":97},{"id":"6281337906876@s.whatsapp.net","uang":91},{"id":"6285703123413@s.whatsapp.net","uang":92},{"id":"6283862522374@s.whatsapp.net","uang":669},{"id":"6285210273504@s.whatsapp.net","uang":276},{"id":"6281330969719@s.whatsapp.net","uang":2539},{"id":"6282369345234@s.whatsapp.net","uang":289},{"id":"6288223674569@s.whatsapp.net","uang":389},{"id":"6288229696026@s.whatsapp.net","uang":281},{"id":"6283112180518@s.whatsapp.net","uang":479},{"id":"6283846073290@s.whatsapp.net","uang":198},{"id":"6283808174460@s.whatsapp.net","uang":92},{"id":"6285773557984@s.whatsapp.net","uang":3971},{"id":"6287811299733@s.whatsapp.net","uang":188},{"id":"628981614707@s.whatsapp.net","uang":1237},{"id":"6283852199353@s.whatsapp.net","uang":91},{"id":"6288902054354@s.whatsapp.net","uang":94},{"id":"6281359234278@s.whatsapp.net","uang":15964},{"id":"6285624227718@s.whatsapp.net","uang":658},{"id":"62881037221906@s.whatsapp.net","uang":29066},{"id":"6285855534806@s.whatsapp.net","uang":3839},{"id":"6285823565870@s.whatsapp.net","uang":563},{"id":"62895631904020@s.whatsapp.net","uang":1129},{"id":"6283131126589@s.whatsapp.net","uang":20826},{"id":"6289614839933@s.whatsapp.net","uang":7366},{"id":"6285749943780@s.whatsapp.net","uang":5714},{"id":"6285862912714@s.whatsapp.net","uang":750},{"id":"6285216655280@s.whatsapp.net","uang":24127},{"id":"6282340152054@s.whatsapp.net","uang":937},{"id":"6285722092348@s.whatsapp.net","uang":6794},{"id":"6285792974210@s.whatsapp.net","uang":12790},{"id":"6281522622845@s.whatsapp.net","uang":1030},{"id":"6281336196877@s.whatsapp.net","uang":1519},{"id":"6285791200548@s.whatsapp.net","uang":99},{"id":"6289530982206@s.whatsapp.net","uang":1229},{"id":"6282386819334@s.whatsapp.net","uang":5683},{"id":"6285732794422@s.whatsapp.net","uang":15019},{"id":"6282153101889@s.whatsapp.net","uang":4071},{"id":"6282268712818@s.whatsapp.net","uang":28836},{"id":"6287760086373@s.whatsapp.net","uang":197},{"id":"6289631720648@s.whatsapp.net","uang":3864},{"id":"6283834334179@s.whatsapp.net","uang":21810},{"id":"62882020741901@s.whatsapp.net","uang":5182},{"id":"6285797421328@s.whatsapp.net","uang":2167},{"id":"6281347161319@s.whatsapp.net","uang":2447},{"id":"6285731571764@s.whatsapp.net","uang":1115},{"id":"6287760365004@s.whatsapp.net","uang":4723},{"id":"6289516972273@s.whatsapp.net","uang":10796},{"id":"6285711607824@s.whatsapp.net","uang":6613},{"id":"62895384369796@s.whatsapp.net","uang":1043},{"id":"6282395273300@s.whatsapp.net","uang":22914},{"id":"6285745378477@s.whatsapp.net","uang":98},{"id":"62895383268642@s.whatsapp.net","uang":18425},{"id":"6281515291467@s.whatsapp.net","uang":2060},{"id":"6285659457964@s.whatsapp.net","uang":3687},{"id":"6289521423430@s.whatsapp.net","uang":3403},{"id":"6289607853414@s.whatsapp.net","uang":279},{"id":"6287844594733@s.whatsapp.net","uang":2963},{"id":"6282193075254@s.whatsapp.net","uang":8684},{"id":"62895620918507@s.whatsapp.net","uang":2727},{"id":"6282172990853@s.whatsapp.net","uang":3767},{"id":"6282146421682@s.whatsapp.net","uang":25374},{"id":"6282149036795@s.whatsapp.net","uang":10518},{"id":"6285365877197@s.whatsapp.net","uang":7094},{"id":"6285775407037@s.whatsapp.net","uang":99},{"id":"62895322028774@s.whatsapp.net","uang":16191},{"id":"6288980634765@s.whatsapp.net","uang":1608},{"id":"6288211631035@s.whatsapp.net","uang":181},{"id":"6281353086372@s.whatsapp.net","uang":6750},{"id":"6285728876540@s.whatsapp.net","uang":667},{"id":"6283131526735@s.whatsapp.net","uang":4122},{"id":"6283812333997@s.whatsapp.net","uang":2180},{"id":"6285781748006@s.whatsapp.net","uang":3202},{"id":"6281343543374@s.whatsapp.net","uang":94},{"id":"6285759714657@s.whatsapp.net","uang":196},{"id":"62882022058556@s.whatsapp.net","uang":2273},{"id":"6281374754599@s.whatsapp.net","uang":569},{"id":"6281949965884@s.whatsapp.net","uang":1690},{"id":"6285894138095@s.whatsapp.net","uang":1668},{"id":"6285342903263@s.whatsapp.net","uang":2085},{"id":"62881037657860@s.whatsapp.net","uang":489},{"id":"62895395094346@s.whatsapp.net","uang":10661},{"id":"6283845198259@s.whatsapp.net","uang":377},{"id":"6283891109858@s.whatsapp.net","uang":92},{"id":"6281335762488@s.whatsapp.net","uang":562},{"id":"6281337350507@s.whatsapp.net","uang":567},{"id":"6285786035310@s.whatsapp.net","uang":3384},{"id":"6285720804471@s.whatsapp.net","uang":99},{"id":"6283140103881@s.whatsapp.net","uang":4465},{"id":"6285336138956@s.whatsapp.net","uang":1022},{"id":"6285768056609@s.whatsapp.net","uang":3407},{"id":"6285217284542@s.whatsapp.net","uang":1411},{"id":"6285874112486@s.whatsapp.net","uang":2349},{"id":"62895342046225@s.whatsapp.net","uang":5469},{"id":"6281213972750@s.whatsapp.net","uang":5217},{"id":"6282145065075@s.whatsapp.net","uang":5654},{"id":"6281391274475@s.whatsapp.net","uang":1031},{"id":"6289519794499@s.whatsapp.net","uang":5847},{"id":"6288293655157@s.whatsapp.net","uang":2484},{"id":"6285642125848@s.whatsapp.net","uang":1986},{"id":"6285389183875@s.whatsapp.net","uang":1698},{"id":"6289638480705@s.whatsapp.net","uang":551},{"id":"6285376795371@s.whatsapp.net","uang":377},{"id":"6289669689414@s.whatsapp.net","uang":3612},{"id":"628388254883@s.whatsapp.net","uang":6704},{"id":"628977589674@s.whatsapp.net","uang":8604},{"id":"60139069895@s.whatsapp.net","uang":1409},{"id":"62881023153277@s.whatsapp.net","uang":3129},{"id":"6285813247929@s.whatsapp.net","uang":17459},{"id":"6285937050842@s.whatsapp.net","uang":93},{"id":"6285708613634@s.whatsapp.net","uang":850},{"id":"6283141710275@s.whatsapp.net","uang":283},{"id":"6282213399331@s.whatsapp.net","uang":52033},{"id":"6288297430757@s.whatsapp.net","uang":578},{"id":"6287814395950@s.whatsapp.net","uang":372},{"id":"62895366770401@s.whatsapp.net","uang":2826},{"id":"6281314411954@s.whatsapp.net","uang":95},{"id":"6283871347720@s.whatsapp.net","uang":466},{"id":"6289630707527@s.whatsapp.net","uang":2847},{"id":"6282189382399@s.whatsapp.net","uang":756},{"id":"6281384451011@s.whatsapp.net","uang":570},{"id":"6283153113432@s.whatsapp.net","uang":1311},{"id":"6285934364260@s.whatsapp.net","uang":7473},{"id":"6281952401783@s.whatsapp.net","uang":99},{"id":"6282196527670@s.whatsapp.net","uang":3602},{"id":"6283836904361@s.whatsapp.net","uang":187},{"id":"6282154488868@s.whatsapp.net","uang":4159},{"id":"6289621443302@s.whatsapp.net","uang":8568},{"id":"6285708654032@s.whatsapp.net","uang":1966},{"id":"6285323134548@s.whatsapp.net","uang":1142},{"id":"6285716632478@s.whatsapp.net","uang":2843},{"id":"6287843896532@s.whatsapp.net","uang":959},{"id":"6281275521131@s.whatsapp.net","uang":474},{"id":"62818184330383@s.whatsapp.net","uang":1713},{"id":"6282177118848@s.whatsapp.net","uang":1314},{"id":"6283844631530@s.whatsapp.net","uang":653},{"id":"6281952893940@s.whatsapp.net","uang":5083},{"id":"6283819357341@s.whatsapp.net","uang":23369},{"id":"6281233948430@s.whatsapp.net","uang":9922},{"id":"6283139072317@s.whatsapp.net","uang":561},{"id":"6285880062468@s.whatsapp.net","uang":1780},{"id":"6282152134176@s.whatsapp.net","uang":2860},{"id":"6289602615915@s.whatsapp.net","uang":2730},{"id":"6282181109628@s.whatsapp.net","uang":861},{"id":"628561505765@s.whatsapp.net","uang":4372},{"id":"6283899961105@s.whatsapp.net","uang":7551},{"id":"6285808269380@s.whatsapp.net","uang":2721},{"id":"62895353030604@s.whatsapp.net","uang":4570},{"id":"6283848794376@s.whatsapp.net","uang":668},{"id":"6285204904480@s.whatsapp.net","uang":378},{"id":"6281543464118@s.whatsapp.net","uang":7187},{"id":"6282134020388@s.whatsapp.net","uang":20183},{"id":"6282188722657@s.whatsapp.net","uang":1131},{"id":"62895322890736@s.whatsapp.net","uang":3507},{"id":"6285641164327@s.whatsapp.net","uang":20237},{"id":"62895401932673@s.whatsapp.net","uang":93},{"id":"6281343310449@s.whatsapp.net","uang":6639},{"id":"6281287292331@s.whatsapp.net","uang":1607},{"id":"6282173428810@s.whatsapp.net","uang":382},{"id":"6289506947070@s.whatsapp.net","uang":8875},{"id":"6288905526116@s.whatsapp.net","uang":10574},{"id":"6285779286424@s.whatsapp.net","uang":17097},{"id":"6285389967357@s.whatsapp.net","uang":186},{"id":"62881025092184@s.whatsapp.net","uang":287},{"id":"6282246161940@s.whatsapp.net","uang":835},{"id":"6285891304336@s.whatsapp.net","uang":2255},{"id":"6281328174399@s.whatsapp.net","uang":3840},{"id":"6281345973063@s.whatsapp.net","uang":25171},{"id":"6285712592438@s.whatsapp.net","uang":21523},{"id":"6289517362210@s.whatsapp.net","uang":2342},{"id":"6283139166920@s.whatsapp.net","uang":3005},{"id":"6289604341317@s.whatsapp.net","uang":4147},{"id":"6281230137474@s.whatsapp.net","uang":4503},{"id":"6288211553332@s.whatsapp.net","uang":565},{"id":"6281361952265@s.whatsapp.net","uang":5478},{"id":"62895412391058@s.whatsapp.net","uang":1905},{"id":"62895384270247@s.whatsapp.net","uang":6257},{"id":"6288291217104@s.whatsapp.net","uang":7463},{"id":"6281334110263@s.whatsapp.net","uang":1037},{"id":"6282230274970@s.whatsapp.net","uang":940},{"id":"6285280781212@s.whatsapp.net","uang":3039},{"id":"6285213823461@s.whatsapp.net","uang":1420},{"id":"60146002509@s.whatsapp.net","uang":2165},{"id":"6285857825248@s.whatsapp.net","uang":372},{"id":"6289677562367@s.whatsapp.net","uang":2252},{"id":"6281339770861@s.whatsapp.net","uang":18132},{"id":"6281944717461@s.whatsapp.net","uang":659},{"id":"6281240232692@s.whatsapp.net","uang":377},{"id":"6282198503119@s.whatsapp.net","uang":836},{"id":"6285813860287@s.whatsapp.net","uang":1880},{"id":"6285695451219@s.whatsapp.net","uang":568},{"id":"6285825563370@s.whatsapp.net","uang":468},{"id":"6285781314978@s.whatsapp.net","uang":97},{"id":"6281265290386@s.whatsapp.net","uang":8517},{"id":"6282374699671@s.whatsapp.net","uang":1416},{"id":"6285966397506@s.whatsapp.net","uang":2856},{"id":"6288706406563@s.whatsapp.net","uang":1425},{"id":"62882017053347@s.whatsapp.net","uang":656},{"id":"6287816019785@s.whatsapp.net","uang":11433},{"id":"6285735100126@s.whatsapp.net","uang":3001},{"id":"6283159189822@s.whatsapp.net","uang":839},{"id":"6289601068046@s.whatsapp.net","uang":2340},{"id":"6285841355312@s.whatsapp.net","uang":3584},{"id":"62831355300789@s.whatsapp.net","uang":4437},{"id":"6285860739931@s.whatsapp.net","uang":2342},{"id":"6285767622344@s.whatsapp.net","uang":958},{"id":"6282150848525@s.whatsapp.net","uang":93},{"id":"6282265357962@s.whatsapp.net","uang":24833},{"id":"6289676984052@s.whatsapp.net","uang":5766},{"id":"6283117075036@s.whatsapp.net","uang":3794},{"id":"6289663586668@s.whatsapp.net","uang":283},{"id":"6285728354615@s.whatsapp.net","uang":90},{"id":"6289674907070@s.whatsapp.net","uang":1528},{"id":"6281354908895@s.whatsapp.net","uang":3901},{"id":"6281398187225@s.whatsapp.net","uang":49073},{"id":"6285772400815@s.whatsapp.net","uang":21643},{"id":"62895323718525@s.whatsapp.net","uang":7517},{"id":"6289670330927@s.whatsapp.net","uang":2001},{"id":"62882281825436@s.whatsapp.net","uang":50621},{"id":"6283829853264@s.whatsapp.net","uang":10151},{"id":"6281215573367@s.whatsapp.net","uang":285},{"id":"628816793583@s.whatsapp.net","uang":652},{"id":"6281225444098@s.whatsapp.net","uang":3599},{"id":"6283115552309@s.whatsapp.net","uang":2767},{"id":"62895359543276@s.whatsapp.net","uang":651},{"id":"6281282489965@s.whatsapp.net","uang":371},{"id":"6288210768291@s.whatsapp.net","uang":4049},{"id":"6282338338876@s.whatsapp.net","uang":929},{"id":"6285878916951@s.whatsapp.net","uang":38513},{"id":"6283892756735@s.whatsapp.net","uang":192},{"id":"6281469729638@s.whatsapp.net","uang":3148},{"id":"6287773665554@s.whatsapp.net","uang":91},{"id":"6282178093302@s.whatsapp.net","uang":38111},{"id":"6285767142483@s.whatsapp.net","uang":281},{"id":"6285163059815@s.whatsapp.net","uang":472},{"id":"6283138931413@s.whatsapp.net","uang":579},{"id":"6283110815204@s.whatsapp.net","uang":5216},{"id":"62895380174807@s.whatsapp.net","uang":7239},{"id":"6282187131311@s.whatsapp.net","uang":661},{"id":"62856676019523@s.whatsapp.net","uang":1416},{"id":"6285892470178@s.whatsapp.net","uang":1504},{"id":"6281572535680@s.whatsapp.net","uang":1126},{"id":"62895340030597@s.whatsapp.net","uang":4549},{"id":"6288212603822@s.whatsapp.net","uang":95},{"id":"6285950795203@s.whatsapp.net","uang":2076},{"id":"62882022971867@s.whatsapp.net","uang":1136},{"id":"6285372109513@s.whatsapp.net","uang":2657},{"id":"6285834190703@s.whatsapp.net","uang":6949},{"id":"6282162367967@s.whatsapp.net","uang":1310},{"id":"6281241874738@s.whatsapp.net","uang":1344},{"id":"6281339422263@s.whatsapp.net","uang":4829},{"id":"62856548329887@s.whatsapp.net","uang":5467},{"id":"6282124945254@s.whatsapp.net","uang":1136},{"id":"6282147528235@s.whatsapp.net","uang":382},{"id":"6281586905919@s.whatsapp.net","uang":6311},{"id":"6282137907428@s.whatsapp.net","uang":2844},{"id":"6281367452331@s.whatsapp.net","uang":1498},{"id":"6289523380515@s.whatsapp.net","uang":4618},{"id":"62895337305335@s.whatsapp.net","uang":3791},{"id":"6285176977702@s.whatsapp.net","uang":3957},{"id":"62889883476380@s.whatsapp.net","uang":1892},{"id":"6281398801077@s.whatsapp.net","uang":3031},{"id":"6289678179365@s.whatsapp.net","uang":842},{"id":"62856950492043@s.whatsapp.net","uang":1790},{"id":"6282268506903@s.whatsapp.net","uang":1038},{"id":"6285210626402@s.whatsapp.net","uang":2650},{"id":"6285654890718@s.whatsapp.net","uang":18947},{"id":"628980790710@s.whatsapp.net","uang":379},{"id":"6285819626784@s.whatsapp.net","uang":2647},{"id":"6283894664667@s.whatsapp.net","uang":381},{"id":"6285862982263@s.whatsapp.net","uang":294},{"id":"6282146315939@s.whatsapp.net","uang":29839},{"id":"62882019332309@s.whatsapp.net","uang":5316},{"id":"62859383028343@s.whatsapp.net","uang":1496},{"id":"6281210806878@s.whatsapp.net","uang":4871},{"id":"6289531466648@s.whatsapp.net","uang":11602},{"id":"6282370790694@s.whatsapp.net","uang":559},{"id":"6281268632293@s.whatsapp.net","uang":3242},{"id":"6281267187339@s.whatsapp.net","uang":375},{"id":"6283815476344@s.whatsapp.net","uang":2636},{"id":"6289502694349@s.whatsapp.net","uang":564},{"id":"6285711928304@s.whatsapp.net","uang":190},{"id":"6285251043827@s.whatsapp.net","uang":10701},{"id":"62895322511119@s.whatsapp.net","uang":1983},{"id":"6285624816553@s.whatsapp.net","uang":6281},{"id":"6283181900972@s.whatsapp.net","uang":11056},{"id":"6285703213302@s.whatsapp.net","uang":1987},{"id":"6281380595079@s.whatsapp.net","uang":1896},{"id":"6287779185143@s.whatsapp.net","uang":2283},{"id":"6285795250633@s.whatsapp.net","uang":279},{"id":"62895341142260@s.whatsapp.net","uang":837},{"id":"6285854362281@s.whatsapp.net","uang":1496},{"id":"6281292540521@s.whatsapp.net","uang":1627},{"id":"6285855591432@s.whatsapp.net","uang":761},{"id":"62882001463410@s.whatsapp.net","uang":8010},{"id":"6281389011195@s.whatsapp.net","uang":1789},{"id":"6282178474206@s.whatsapp.net","uang":756},{"id":"62895618545566@s.whatsapp.net","uang":1602},{"id":"62895389002100@s.whatsapp.net","uang":3669},{"id":"6283845316676@s.whatsapp.net","uang":97},{"id":"6282195882020@s.whatsapp.net","uang":8202},{"id":"62895426864251@s.whatsapp.net","uang":189},{"id":"6285792022840@s.whatsapp.net","uang":1878},{"id":"6283180082050@s.whatsapp.net","uang":9244},{"id":"6285752065725@s.whatsapp.net","uang":2731},{"id":"6282223104248@s.whatsapp.net","uang":287},{"id":"6285934515912@s.whatsapp.net","uang":5392},{"id":"62895321199865@s.whatsapp.net","uang":6246},{"id":"6282311036143@s.whatsapp.net","uang":1407},{"id":"6281523729809@s.whatsapp.net","uang":3317},{"id":"6283897646113@s.whatsapp.net","uang":23276},{"id":"6283117160525@s.whatsapp.net","uang":1894},{"id":"62895392572786@s.whatsapp.net","uang":2084},{"id":"6281295875349@s.whatsapp.net","uang":4241},{"id":"6285800339854@s.whatsapp.net","uang":746},{"id":"6282110105379@s.whatsapp.net","uang":3199},{"id":"6281543078215@s.whatsapp.net","uang":1143},{"id":"6281230697134@s.whatsapp.net","uang":1146},{"id":"6285796077370@s.whatsapp.net","uang":1803},{"id":"6289525179176@s.whatsapp.net","uang":4450},{"id":"6281362867993@s.whatsapp.net","uang":661},{"id":"6285864854753@s.whatsapp.net","uang":755},{"id":"6289518065555@s.whatsapp.net","uang":4255},{"id":"6289503563830@s.whatsapp.net","uang":5384},{"id":"6282141633637@s.whatsapp.net","uang":6243},{"id":"6282189570020@s.whatsapp.net","uang":556},{"id":"6285668778647@s.whatsapp.net","uang":2861},{"id":"6285827627432@s.whatsapp.net","uang":4447},{"id":"6282397614366@s.whatsapp.net","uang":4060},{"id":"6287787503020@s.whatsapp.net","uang":1605},{"id":"6287816987472@s.whatsapp.net","uang":2064},{"id":"6283109668339@s.whatsapp.net","uang":1050},{"id":"62859321833370@s.whatsapp.net","uang":1153},{"id":"6281525883012@s.whatsapp.net","uang":6470},{"id":"6285745352079@s.whatsapp.net","uang":286},{"id":"6288983167814@s.whatsapp.net","uang":9170},{"id":"6288989782386@s.whatsapp.net","uang":1144},{"id":"6289643289561@s.whatsapp.net","uang":1609},{"id":"62895391747926@s.whatsapp.net","uang":735},{"id":"6281251814575@s.whatsapp.net","uang":5092},{"id":"6285860548516@s.whatsapp.net","uang":382},{"id":"6282330863231@s.whatsapp.net","uang":2880},{"id":"6283133820655@s.whatsapp.net","uang":1321},{"id":"6285747274758@s.whatsapp.net","uang":1790},{"id":"6282133644629@s.whatsapp.net","uang":2268},{"id":"6281936381296@s.whatsapp.net","uang":1324},{"id":"6285221410354@s.whatsapp.net","uang":1893},{"id":"6281334353518@s.whatsapp.net","uang":5039},{"id":"6285269212009@s.whatsapp.net","uang":1616},{"id":"6285892667248@s.whatsapp.net","uang":7389},{"id":"6285394802553@s.whatsapp.net","uang":1139},{"id":"6281275564818@s.whatsapp.net","uang":2081},{"id":"6282313253354@s.whatsapp.net","uang":2467},{"id":"6281916576683@s.whatsapp.net","uang":94},{"id":"6282180379872@s.whatsapp.net","uang":2630},{"id":"6285608978647@s.whatsapp.net","uang":472},{"id":"62895386266022@s.whatsapp.net","uang":97},{"id":"6281323803238@s.whatsapp.net","uang":5233},{"id":"6282181909932@s.whatsapp.net","uang":5089},{"id":"6285785326806@s.whatsapp.net","uang":3246},{"id":"6281278154691@s.whatsapp.net","uang":1700},{"id":"6285757845929@s.whatsapp.net","uang":7383},{"id":"6285176858651@s.whatsapp.net","uang":1399},{"id":"6285717082893@s.whatsapp.net","uang":469},{"id":"6285700715178@s.whatsapp.net","uang":99},{"id":"6281359373524@s.whatsapp.net","uang":1957},{"id":"62895622635917@s.whatsapp.net","uang":1593},{"id":"6285733143348@s.whatsapp.net","uang":92},{"id":"6285858238628@s.whatsapp.net","uang":7840},{"id":"6281266654974@s.whatsapp.net","uang":680},{"id":"6282183980812@s.whatsapp.net","uang":13389},{"id":"6282143733352@s.whatsapp.net","uang":669},{"id":"62881036900758@s.whatsapp.net","uang":13596},{"id":"6289687050529@s.whatsapp.net","uang":1723},{"id":"6281373000843@s.whatsapp.net","uang":2902},{"id":"6289694282814@s.whatsapp.net","uang":91},{"id":"6283147220694@s.whatsapp.net","uang":572},{"id":"6287865116763@s.whatsapp.net","uang":576},{"id":"6281222404680@s.whatsapp.net","uang":1791},{"id":"6285831857906@s.whatsapp.net","uang":470},{"id":"6283892668292@s.whatsapp.net","uang":841},{"id":"6282347661568@s.whatsapp.net","uang":1982},{"id":"6281935946686@s.whatsapp.net","uang":186},{"id":"6287863443451@s.whatsapp.net","uang":1328},{"id":"6285659825327@s.whatsapp.net","uang":1512},{"id":"6285697877552@s.whatsapp.net","uang":2847},{"id":"6287729899291@s.whatsapp.net","uang":3685},{"id":"6285341937382@s.whatsapp.net","uang":6957},{"id":"6282248270268@s.whatsapp.net","uang":1797},{"id":"62815219070112@s.whatsapp.net","uang":1421},{"id":"6289638391355@s.whatsapp.net","uang":385},{"id":"6281327150521@s.whatsapp.net","uang":572},{"id":"6285875209541@s.whatsapp.net","uang":287},{"id":"6285815689528@s.whatsapp.net","uang":1491},{"id":"62895400320500@s.whatsapp.net","uang":1506},{"id":"6285809716198@s.whatsapp.net","uang":954},{"id":"6285819112314@s.whatsapp.net","uang":3792},{"id":"6282268622310@s.whatsapp.net","uang":1808},{"id":"6283856270310@s.whatsapp.net","uang":386},{"id":"6283845567811@s.whatsapp.net","uang":1034},{"id":"6285806447347@s.whatsapp.net","uang":1036},{"id":"6285782490671@s.whatsapp.net","uang":652},{"id":"6281273070220@s.whatsapp.net","uang":2832},{"id":"6285715958639@s.whatsapp.net","uang":2168},{"id":"6281329077459@s.whatsapp.net","uang":474},{"id":"6282253360278@s.whatsapp.net","uang":1328},{"id":"6285851704244@s.whatsapp.net","uang":3656},{"id":"6285217164942@s.whatsapp.net","uang":1523},{"id":"6288271375979@s.whatsapp.net","uang":287},{"id":"6289514751039@s.whatsapp.net","uang":282},{"id":"6281350936169@s.whatsapp.net","uang":283},{"id":"6281384036852@s.whatsapp.net","uang":4081},{"id":"62887433116862@s.whatsapp.net","uang":2358},{"id":"6281248615598@s.whatsapp.net","uang":6216},{"id":"6285731567806@s.whatsapp.net","uang":2983},{"id":"6285885466177@s.whatsapp.net","uang":2269},{"id":"6288286821473@s.whatsapp.net","uang":6609},{"id":"6282191358110@s.whatsapp.net","uang":840},{"id":"62895618900050@s.whatsapp.net","uang":11689},{"id":"6282154319916@s.whatsapp.net","uang":5209},{"id":"6281398028152@s.whatsapp.net","uang":1506},{"id":"6285742424386@s.whatsapp.net","uang":1231},{"id":"628551739739@s.whatsapp.net","uang":1805},{"id":"6282164514231@s.whatsapp.net","uang":1295},{"id":"62882005192291@s.whatsapp.net","uang":1705},{"id":"6281517630279@s.whatsapp.net","uang":3584},{"id":"6283147219060@s.whatsapp.net","uang":1996},{"id":"6281252979096@s.whatsapp.net","uang":2647},{"id":"6285771782744@s.whatsapp.net","uang":98},{"id":"6281328486210@s.whatsapp.net","uang":476},{"id":"6281291761861@s.whatsapp.net","uang":3208},{"id":"6289515189009@s.whatsapp.net","uang":4334},{"id":"6285778903779@s.whatsapp.net","uang":19069},{"id":"62882003345367@s.whatsapp.net","uang":90},{"id":"6287878637860@s.whatsapp.net","uang":280},{"id":"6285824846616@s.whatsapp.net","uang":1615},{"id":"6281316396496@s.whatsapp.net","uang":282},{"id":"6289528562144@s.whatsapp.net","uang":96},{"id":"62895392588149@s.whatsapp.net","uang":4820},{"id":"628881911220@s.whatsapp.net","uang":1599},{"id":"6289516717078@s.whatsapp.net","uang":1225},{"id":"62895600199226@s.whatsapp.net","uang":376},{"id":"6282218973483@s.whatsapp.net","uang":1232},{"id":"6282114344951@s.whatsapp.net","uang":1722},{"id":"6289618691773@s.whatsapp.net","uang":464},{"id":"62895383318206@s.whatsapp.net","uang":840},{"id":"6282123631529@s.whatsapp.net","uang":568},{"id":"6281383133238@s.whatsapp.net","uang":557},{"id":"62895622221889@s.whatsapp.net","uang":861},{"id":"6285752052205@s.whatsapp.net","uang":4977},{"id":"62878632793409@s.whatsapp.net","uang":2094},{"id":"62881011262602@s.whatsapp.net","uang":191},{"id":"6285591461322@s.whatsapp.net","uang":580},{"id":"6287895749479@s.whatsapp.net","uang":94},{"id":"6285823765688@s.whatsapp.net","uang":2164},{"id":"6281227296079@s.whatsapp.net","uang":5577},{"id":"6281390774982@s.whatsapp.net","uang":843},{"id":"6285712164677@s.whatsapp.net","uang":187},{"id":"6282195560393@s.whatsapp.net","uang":279},{"id":"6281916857480@s.whatsapp.net","uang":94},{"id":"6289682392400@s.whatsapp.net","uang":1596},{"id":"6285335375707@s.whatsapp.net","uang":1026},{"id":"62895416135916@s.whatsapp.net","uang":566},{"id":"6283176923605@s.whatsapp.net","uang":5578},{"id":"6289513250360@s.whatsapp.net","uang":1910},{"id":"6287894676192@s.whatsapp.net","uang":1897},{"id":"6282182963109@s.whatsapp.net","uang":2169},{"id":"6282313047897@s.whatsapp.net","uang":762},{"id":"6282279462301@s.whatsapp.net","uang":2466},{"id":"6288293952342@s.whatsapp.net","uang":3014},{"id":"6282223043986@s.whatsapp.net","uang":754},{"id":"6285813945028@s.whatsapp.net","uang":4830},{"id":"6282269130574@s.whatsapp.net","uang":674},{"id":"6282231355763@s.whatsapp.net","uang":862},{"id":"6281219074910@s.whatsapp.net","uang":4344},{"id":"6285648046323@s.whatsapp.net","uang":1985},{"id":"6282333250583@s.whatsapp.net","uang":758},{"id":"6281390225702@s.whatsapp.net","uang":367},{"id":"6283133927087@s.whatsapp.net","uang":1681},{"id":"6282194028446@s.whatsapp.net","uang":1235},{"id":"6281334890399@s.whatsapp.net","uang":2099},{"id":"6281237812673@s.whatsapp.net","uang":6072},{"id":"6281362683896@s.whatsapp.net","uang":573},{"id":"6285811387829@s.whatsapp.net","uang":1237},{"id":"6283891565867@s.whatsapp.net","uang":380},{"id":"6289530948745@s.whatsapp.net","uang":749},{"id":"6288210584447@s.whatsapp.net","uang":187},{"id":"6282115823612@s.whatsapp.net","uang":469},{"id":"6281360224357@s.whatsapp.net","uang":1314},{"id":"6283829506692@s.whatsapp.net","uang":186},{"id":"6287715576737@s.whatsapp.net","uang":99},{"id":"6283143782442@s.whatsapp.net","uang":98},{"id":"6285879347616@s.whatsapp.net","uang":4248},{"id":"6285823934832@s.whatsapp.net","uang":466},{"id":"62895335361510@s.whatsapp.net","uang":564},{"id":"6282340150875@s.whatsapp.net","uang":91},{"id":"6281585351556@s.whatsapp.net","uang":90},{"id":"6283850117599@s.whatsapp.net","uang":2161},{"id":"6285742258024@s.whatsapp.net","uang":2162},{"id":"6282181362858@s.whatsapp.net","uang":1805},{"id":"6285782883627@s.whatsapp.net","uang":750},{"id":"6285752408915@s.whatsapp.net","uang":2649},{"id":"6282274554699@s.whatsapp.net","uang":5918},{"id":"62882022290388@s.whatsapp.net","uang":1683},{"id":"6285882352409@s.whatsapp.net","uang":554},{"id":"6287756895500@s.whatsapp.net","uang":91},{"id":"6283137519130@s.whatsapp.net","uang":2079},{"id":"6285960426687@s.whatsapp.net","uang":1325},{"id":"6283809523315@s.whatsapp.net","uang":3308},{"id":"6288213232010@s.whatsapp.net","uang":284},{"id":"6283150061706@s.whatsapp.net","uang":375},{"id":"6283113196708@s.whatsapp.net","uang":8333},{"id":"6285640691519@s.whatsapp.net","uang":3490},{"id":"6281248794597@s.whatsapp.net","uang":2654},{"id":"6285713800645@s.whatsapp.net","uang":1029},{"id":"6285793371702@s.whatsapp.net","uang":93},{"id":"6285771578331@s.whatsapp.net","uang":2665},{"id":"6283169416579@s.whatsapp.net","uang":195},{"id":"6285280028123@s.whatsapp.net","uang":3019},{"id":"6288708225881@s.whatsapp.net","uang":286},{"id":"6282142314151@s.whatsapp.net","uang":665},{"id":"6285895493971@s.whatsapp.net","uang":650},{"id":"6288217259743@s.whatsapp.net","uang":374},{"id":"62895341721276@s.whatsapp.net","uang":758},{"id":"6282128474381@s.whatsapp.net","uang":190},{"id":"6281297588240@s.whatsapp.net","uang":1615},{"id":"62856934139554@s.whatsapp.net","uang":1700},{"id":"62881037815877@s.whatsapp.net","uang":1044},{"id":"6288976275704@s.whatsapp.net","uang":1594},{"id":"6285693220113@s.whatsapp.net","uang":2255},{"id":"6281277660864@s.whatsapp.net","uang":13521},{"id":"6285215971768@s.whatsapp.net","uang":4430},{"id":"6285161354883@s.whatsapp.net","uang":1045},{"id":"628111809592@s.whatsapp.net","uang":567},{"id":"6288742790248@s.whatsapp.net","uang":379},{"id":"6289530310595@s.whatsapp.net","uang":676},{"id":"6285643472451@s.whatsapp.net","uang":6165},{"id":"6281908775780@s.whatsapp.net","uang":96},{"id":"6281383342700@s.whatsapp.net","uang":1118},{"id":"6288744498529@s.whatsapp.net","uang":186},{"id":"6285706016270@s.whatsapp.net","uang":3121},{"id":"6285751033827@s.whatsapp.net","uang":652},{"id":"6285741808129@s.whatsapp.net","uang":662},{"id":"628112998058@s.whatsapp.net","uang":3025},{"id":"6289530010076@s.whatsapp.net","uang":285},{"id":"6283894418431@s.whatsapp.net","uang":192},{"id":"6287841231884@s.whatsapp.net","uang":938},{"id":"6285659651412@s.whatsapp.net","uang":954},{"id":"6288804234759@s.whatsapp.net","uang":860},{"id":"6285784502695@s.whatsapp.net","uang":378},{"id":"6281211782072@s.whatsapp.net","uang":96},{"id":"6281249036991@s.whatsapp.net","uang":3508},{"id":"6288279634455@s.whatsapp.net","uang":280},{"id":"6285721787478@s.whatsapp.net","uang":1620},{"id":"628153088092@s.whatsapp.net","uang":374},{"id":"62895621926840@s.whatsapp.net","uang":283},{"id":"6283114063458@s.whatsapp.net","uang":96},{"id":"628881512648@s.whatsapp.net","uang":7675},{"id":"6283878623193@s.whatsapp.net","uang":470},{"id":"6285607350238@s.whatsapp.net","uang":943},{"id":"62895322145361@s.whatsapp.net","uang":96},{"id":"6283141711542@s.whatsapp.net","uang":95},{"id":"6285384885649@s.whatsapp.net","uang":8639},{"id":"6285774419605@s.whatsapp.net","uang":99},{"id":"6285864812820@s.whatsapp.net","uang":1806},{"id":"6289671120320@s.whatsapp.net","uang":1049},{"id":"6285709718619@s.whatsapp.net","uang":477},{"id":"6285811275178@s.whatsapp.net","uang":470},{"id":"6288223629313@s.whatsapp.net","uang":196},{"id":"6281339073811@s.whatsapp.net","uang":1406},{"id":"6285858230828@s.whatsapp.net","uang":288},{"id":"628996170407@s.whatsapp.net","uang":94},{"id":"6282338699565@s.whatsapp.net","uang":92},{"id":"6287835279188@s.whatsapp.net","uang":660},{"id":"6285814067402@s.whatsapp.net","uang":288},{"id":"6289520612356@s.whatsapp.net","uang":673},{"id":"6281284307358@s.whatsapp.net","uang":2087},{"id":"6282230922238@s.whatsapp.net","uang":839},{"id":"6285717328406@s.whatsapp.net","uang":924},{"id":"6281238186868@s.whatsapp.net","uang":752},{"id":"6281398916102@s.whatsapp.net","uang":289},{"id":"6283892594303@s.whatsapp.net","uang":291},{"id":"6281523694462@s.whatsapp.net","uang":6337},{"id":"6282233419211@s.whatsapp.net","uang":192},{"id":"6282251558967@s.whatsapp.net","uang":754},{"id":"6288747394219@s.whatsapp.net","uang":380},{"id":"6281210320163@s.whatsapp.net","uang":99},{"id":"6283825570692@s.whatsapp.net","uang":380},{"id":"6288298510199@s.whatsapp.net","uang":1439},{"id":"6288287163204@s.whatsapp.net","uang":98},{"id":"6282335406401@s.whatsapp.net","uang":1431},{"id":"62857081200572@s.whatsapp.net","uang":2270},{"id":"6281217745087@s.whatsapp.net","uang":566},{"id":"6281285977643@s.whatsapp.net","uang":1984},{"id":"6281376812645@s.whatsapp.net","uang":91},{"id":"6282193264844@s.whatsapp.net","uang":2898},{"id":"6285959170316@s.whatsapp.net","uang":569},{"id":"6281244455510@s.whatsapp.net","uang":861},{"id":"6283180695523@s.whatsapp.net","uang":862},{"id":"6289526986892@s.whatsapp.net","uang":571},{"id":"6281247023883@s.whatsapp.net","uang":283},{"id":"6282145146911@s.whatsapp.net","uang":4739},{"id":"6282169489553@s.whatsapp.net","uang":280},{"id":"6282261458864@s.whatsapp.net","uang":5549},{"id":"6282342242323@s.whatsapp.net","uang":655},{"id":"6281214182075@s.whatsapp.net","uang":94},{"id":"6281585970315@s.whatsapp.net","uang":2925},{"id":"6285604597319@s.whatsapp.net","uang":91},{"id":"6281549564187@s.whatsapp.net","uang":295},{"id":"6281586916890@s.whatsapp.net","uang":4884},{"id":"6281717856637@s.whatsapp.net","uang":374},{"id":"6285758536274@s.whatsapp.net","uang":767},{"id":"6285742165625@s.whatsapp.net","uang":663},{"id":"6285757195523@s.whatsapp.net","uang":7852},{"id":"6281346392501@s.whatsapp.net","uang":385},{"id":"6285668151557@s.whatsapp.net","uang":96},{"id":"6285819626099@s.whatsapp.net","uang":98},{"id":"6283833896421@s.whatsapp.net","uang":846},{"id":"6281617715627@s.whatsapp.net","uang":283},{"id":"6289670040141@s.whatsapp.net","uang":475},{"id":"6281219017905@s.whatsapp.net","uang":759},{"id":"6282143725012@s.whatsapp.net","uang":1892},{"id":"6285882135569@s.whatsapp.net","uang":99},{"id":"6285756924863@s.whatsapp.net","uang":93},{"id":"6283116176866@s.whatsapp.net","uang":770},{"id":"6281943770645@s.whatsapp.net","uang":2159},{"id":"6281327205744@s.whatsapp.net","uang":659},{"id":"6281362971634@s.whatsapp.net","uang":745},{"id":"6282179973640@s.whatsapp.net","uang":665},{"id":"6281249611249@s.whatsapp.net","uang":97},{"id":"6281262634290@s.whatsapp.net","uang":381},{"id":"62895410145143@s.whatsapp.net","uang":5665},{"id":"62895386694294@s.whatsapp.net","uang":4972},{"id":"628983685782@s.whatsapp.net","uang":93},{"id":"6282116954401@s.whatsapp.net","uang":186},{"id":"6281936009652@s.whatsapp.net","uang":559},{"id":"62895344193344@s.whatsapp.net","uang":2239},{"id":"6282155254232@s.whatsapp.net","uang":1408},{"id":"6285219519482@s.whatsapp.net","uang":487},{"id":"6281212176024@s.whatsapp.net","uang":90},{"id":"6282177241433@s.whatsapp.net","uang":2745},{"id":"6282281770902@s.whatsapp.net","uang":863},{"id":"62895326160677@s.whatsapp.net","uang":573},{"id":"6281999026894@s.whatsapp.net","uang":184},{"id":"6281227463755@s.whatsapp.net","uang":848},{"id":"62895365173182@s.whatsapp.net","uang":93},{"id":"6285771571588@s.whatsapp.net","uang":1319},{"id":"6285798742838@s.whatsapp.net","uang":859},{"id":"6283890332557@s.whatsapp.net","uang":6413},{"id":"62895410995805@s.whatsapp.net","uang":90},{"id":"6289652896599@s.whatsapp.net","uang":1319},{"id":"628111208001@s.whatsapp.net","uang":276},{"id":"6285217390723@s.whatsapp.net","uang":370},{"id":"6281339751794@s.whatsapp.net","uang":15247},{"id":"62838241204811@s.whatsapp.net","uang":1114},{"id":"6282193756252@s.whatsapp.net","uang":182},{"id":"6285710246853@s.whatsapp.net","uang":182},{"id":"628991341372@s.whatsapp.net","uang":97},{"id":"6283179186533@s.whatsapp.net","uang":1784},{"id":"62881024785922@s.whatsapp.net","uang":3216},{"id":"6281528517599@s.whatsapp.net","uang":1023},{"id":"6282220113147@s.whatsapp.net","uang":1963},{"id":"62831663099503@s.whatsapp.net","uang":4402},{"id":"6282134820068@s.whatsapp.net","uang":662},{"id":"6283837517003@s.whatsapp.net","uang":1605},{"id":"6281997885470@s.whatsapp.net","uang":90},{"id":"6285771075580@s.whatsapp.net","uang":98},{"id":"6289516244607@s.whatsapp.net","uang":1974},{"id":"62895368678800@s.whatsapp.net","uang":4731},{"id":"6285221833848@s.whatsapp.net","uang":95},{"id":"6285805015320@s.whatsapp.net","uang":471},{"id":"6289603526926@s.whatsapp.net","uang":1050},{"id":"6282169906523@s.whatsapp.net","uang":94},{"id":"6282114249589@s.whatsapp.net","uang":94},{"id":"6282170711568@s.whatsapp.net","uang":367},{"id":"62895346439050@s.whatsapp.net","uang":2256},{"id":"6285737089691@s.whatsapp.net","uang":4154},{"id":"62838971520854@s.whatsapp.net","uang":194},{"id":"6282268899838@s.whatsapp.net","uang":743},{"id":"6285173223760@s.whatsapp.net","uang":191},{"id":"6285781722248@s.whatsapp.net","uang":2989},{"id":"62882005776512@s.whatsapp.net","uang":99},{"id":"6289622970604@s.whatsapp.net","uang":2065},{"id":"62895414517636@s.whatsapp.net","uang":2934},{"id":"6282219441097@s.whatsapp.net","uang":1802},{"id":"62895369888200@s.whatsapp.net","uang":98},{"id":"6281943762226@s.whatsapp.net","uang":1595},{"id":"6285216279558@s.whatsapp.net","uang":196},{"id":"6281290181703@s.whatsapp.net","uang":187},{"id":"6282223182087@s.whatsapp.net","uang":194},{"id":"6289670164839@s.whatsapp.net","uang":2079},{"id":"6285738843844@s.whatsapp.net","uang":1517},{"id":"6283150688433@s.whatsapp.net","uang":9505},{"id":"62895336396102@s.whatsapp.net","uang":90},{"id":"6281346332446@s.whatsapp.net","uang":843},{"id":"6282315196639@s.whatsapp.net","uang":460},{"id":"6281259571905@s.whatsapp.net","uang":286},{"id":"6281959750268@s.whatsapp.net","uang":376},{"id":"6281288238012@s.whatsapp.net","uang":1515},{"id":"6281279164596@s.whatsapp.net","uang":193},{"id":"6289606540105@s.whatsapp.net","uang":381},{"id":"6285695419240@s.whatsapp.net","uang":559},{"id":"6282325216648@s.whatsapp.net","uang":1230},{"id":"6285795515668@s.whatsapp.net","uang":374},{"id":"6285868126904@s.whatsapp.net","uang":11308},{"id":"6285641223563@s.whatsapp.net","uang":96},{"id":"6288707014681@s.whatsapp.net","uang":471},{"id":"6285754418212@s.whatsapp.net","uang":756},{"id":"62895340196589@s.whatsapp.net","uang":2934},{"id":"6288276576926@s.whatsapp.net","uang":1523},{"id":"62887436577525@s.whatsapp.net","uang":280},{"id":"6285219406408@s.whatsapp.net","uang":90},{"id":"6285717043953@s.whatsapp.net","uang":2644},{"id":"6285837774225@s.whatsapp.net","uang":96},{"id":"6285716937880@s.whatsapp.net","uang":185},{"id":"62895704338858@s.whatsapp.net","uang":384},{"id":"6283836893511@s.whatsapp.net","uang":97},{"id":"6282246203801@s.whatsapp.net","uang":1606},{"id":"6283847251664@s.whatsapp.net","uang":669},{"id":"6282284774797@s.whatsapp.net","uang":662},{"id":"6285876213159@s.whatsapp.net","uang":1237},{"id":"628881526085@s.whatsapp.net","uang":383},{"id":"6281717407496@s.whatsapp.net","uang":765},{"id":"6281913465211@s.whatsapp.net","uang":4900},{"id":"62859191717346@s.whatsapp.net","uang":1041},{"id":"6283827650897@s.whatsapp.net","uang":2449},{"id":"6289637262610@s.whatsapp.net","uang":759},{"id":"6281382957867@s.whatsapp.net","uang":93},{"id":"62895341400344@s.whatsapp.net","uang":92},{"id":"6285648623942@s.whatsapp.net","uang":573},{"id":"6282220326001@s.whatsapp.net","uang":99},{"id":"62895337278628@s.whatsapp.net","uang":382},{"id":"6287774010814@s.whatsapp.net","uang":99},{"id":"6282213018066@s.whatsapp.net","uang":99},{"id":"6289637044363@s.whatsapp.net","uang":1034},{"id":"6289679019344@s.whatsapp.net","uang":95},{"id":"6289512875070@s.whatsapp.net","uang":90},{"id":"2347034926669@s.whatsapp.net","uang":1506},{"id":"6283134925565@s.whatsapp.net","uang":99},{"id":"62881036535331@s.whatsapp.net","uang":1510},{"id":"62858822848490@s.whatsapp.net","uang":672},{"id":"6282213399433@s.whatsapp.net","uang":98},{"id":"6281248653979@s.whatsapp.net","uang":577},{"id":"6281214963311@s.whatsapp.net","uang":272},{"id":"6281311005121@s.whatsapp.net","uang":1886},{"id":"6281213528912@s.whatsapp.net","uang":573},{"id":"62895417880573@s.whatsapp.net","uang":375},{"id":"6288975591736@s.whatsapp.net","uang":1032},{"id":"6288215006319@s.whatsapp.net","uang":480},{"id":"6285892841727@s.whatsapp.net","uang":1136},{"id":"6282341841741@s.whatsapp.net","uang":847},{"id":"6285787336680@s.whatsapp.net","uang":663},{"id":"6281916747080@s.whatsapp.net","uang":3862},{"id":"6289515438681@s.whatsapp.net","uang":760},{"id":"6281523969255@s.whatsapp.net","uang":92},{"id":"6285159973822@s.whatsapp.net","uang":185},{"id":"62896728709082@s.whatsapp.net","uang":1776},{"id":"6282225993157@s.whatsapp.net","uang":2582},{"id":"6289654567887@s.whatsapp.net","uang":94},{"id":"6281269946492@s.whatsapp.net","uang":280},{"id":"6285172019825@s.whatsapp.net","uang":196},{"id":"6282211989248@s.whatsapp.net","uang":479},{"id":"62882021504562@s.whatsapp.net","uang":564},{"id":"6285761268870@s.whatsapp.net","uang":665},{"id":"6281313613792@s.whatsapp.net","uang":846},{"id":"62857757493708@s.whatsapp.net","uang":375},{"id":"6285706667088@s.whatsapp.net","uang":185},{"id":"6281334315261@s.whatsapp.net","uang":96},{"id":"6282122100286@s.whatsapp.net","uang":1796},{"id":"6281376169901@s.whatsapp.net","uang":90},{"id":"6282313597093@s.whatsapp.net","uang":92},{"id":"62856086907924@s.whatsapp.net","uang":468},{"id":"62895336796055@s.whatsapp.net","uang":1527},{"id":"6281234440483@s.whatsapp.net","uang":91},{"id":"6283869338760@s.whatsapp.net","uang":90},{"id":"6285963032371@s.whatsapp.net","uang":379},{"id":"6287735287446@s.whatsapp.net","uang":367},{"id":"6281528842129@s.whatsapp.net","uang":99},{"id":"62895384083748@s.whatsapp.net","uang":281},{"id":"6285825564899@s.whatsapp.net","uang":279},{"id":"6289526366589@s.whatsapp.net","uang":376},{"id":"6281256742250@s.whatsapp.net","uang":1999},{"id":"6285215086743@s.whatsapp.net","uang":377},{"id":"62881026484748@s.whatsapp.net","uang":377},{"id":"6287876867536@s.whatsapp.net","uang":1889},{"id":"6281252250233@s.whatsapp.net","uang":90},{"id":"6287897544148@s.whatsapp.net","uang":296},{"id":"6285947235869@s.whatsapp.net","uang":97},{"id":"6281329889147@s.whatsapp.net","uang":90},{"id":"6285813034589@s.whatsapp.net","uang":766},{"id":"6285221207561@s.whatsapp.net","uang":285},{"id":"6289653634456@s.whatsapp.net","uang":1614},{"id":"62895420691030@s.whatsapp.net","uang":567},{"id":"6285363915162@s.whatsapp.net","uang":284},{"id":"6285810788475@s.whatsapp.net","uang":568},{"id":"6285262915985@s.whatsapp.net","uang":98},{"id":"6288270855631@s.whatsapp.net","uang":956},{"id":"6287754031255@s.whatsapp.net","uang":92},{"id":"6288983668696@s.whatsapp.net","uang":284},{"id":"6281292801862@s.whatsapp.net","uang":189},{"id":"6289654988611@s.whatsapp.net","uang":91},{"id":"6285752644833@s.whatsapp.net","uang":391},{"id":"6288295559550@s.whatsapp.net","uang":97},{"id":"6285651108399@s.whatsapp.net","uang":379},{"id":"6285820811570@s.whatsapp.net","uang":95},{"id":"6285739061320@s.whatsapp.net","uang":846},{"id":"6281572630868@s.whatsapp.net","uang":752},{"id":"62858293057391@s.whatsapp.net","uang":279},{"id":"6285975064119@s.whatsapp.net","uang":1434},{"id":"6287873472469@s.whatsapp.net","uang":96},{"id":"6285693786671@s.whatsapp.net","uang":187},{"id":"62831115131794@s.whatsapp.net","uang":286},{"id":"6282347002545@s.whatsapp.net","uang":288},{"id":"6287760695268@s.whatsapp.net","uang":97},{"id":"62881026887033@s.whatsapp.net","uang":470},{"id":"6282125294137@s.whatsapp.net","uang":96},{"id":"6285772541369@s.whatsapp.net","uang":465},{"id":"6282198591197@s.whatsapp.net","uang":573},{"id":"62895801058080@s.whatsapp.net","uang":94},{"id":"6283801603927@s.whatsapp.net","uang":381},{"id":"6289509424824@s.whatsapp.net","uang":91},{"id":"6281333387924@s.whatsapp.net","uang":770},{"id":"6281354562591@s.whatsapp.net","uang":1302},{"id":"6282299099796@s.whatsapp.net","uang":95},{"id":"6281354100024@s.whatsapp.net","uang":190},{"id":"6285695007277@s.whatsapp.net","uang":93},{"id":"6283861975768@s.whatsapp.net","uang":98},{"id":"6289671170119@s.whatsapp.net","uang":378},{"id":"6283899682853@s.whatsapp.net","uang":280},{"id":"6285700654071@s.whatsapp.net","uang":99},{"id":"6287889162626@s.whatsapp.net","uang":1127},{"id":"6289524696873@s.whatsapp.net","uang":91},{"id":"6282359434462@s.whatsapp.net","uang":98},{"id":"628388403109@s.whatsapp.net","uang":96},{"id":"6288221965516@s.whatsapp.net","uang":94},{"id":"6281337612559@s.whatsapp.net","uang":290},{"id":"6285704218949@s.whatsapp.net","uang":471},{"id":"6281995704055@s.whatsapp.net","uang":1509},{"id":"6288224513810@s.whatsapp.net","uang":739},{"id":"6285863178491@s.whatsapp.net","uang":95},{"id":"62895335730208@s.whatsapp.net","uang":180},{"id":"6282131031640@s.whatsapp.net","uang":97},{"id":"62881024923723@s.whatsapp.net","uang":187},{"id":"6289621842030@s.whatsapp.net","uang":283},{"id":"6285824171480@s.whatsapp.net","uang":99},{"id":"62895425015381@s.whatsapp.net","uang":4717},{"id":"6281317859308@s.whatsapp.net","uang":5870},{"id":"6282310242751@s.whatsapp.net","uang":3586},{"id":"6281315779055@s.whatsapp.net","uang":8122},{"id":"6281394347220@s.whatsapp.net","uang":95},{"id":"62895426036698@s.whatsapp.net","uang":92},{"id":"6285714306132@s.whatsapp.net","uang":96},{"id":"6281284163022@s.whatsapp.net","uang":6265},{"id":"628388403176@s.whatsapp.net","uang":382},{"id":"5217341733008@s.whatsapp.net","uang":96},{"id":"6285256780425@s.whatsapp.net","uang":90},{"id":"6281804202278@s.whatsapp.net","uang":91},{"id":"62857165691012@s.whatsapp.net","uang":280},{"id":"6281392804024@s.whatsapp.net","uang":380},{"id":"6288989074431@s.whatsapp.net","uang":94},{"id":"6288233875628@s.whatsapp.net","uang":97},{"id":"6281362954882@s.whatsapp.net","uang":93},{"id":"6282122981290@s.whatsapp.net","uang":99},{"id":"6282335912865@s.whatsapp.net","uang":195},{"id":"6288975422917@s.whatsapp.net","uang":663},{"id":"6285848364612@s.whatsapp.net","uang":97},{"id":"6283891127107@s.whatsapp.net","uang":98},{"id":"6289521589922@s.whatsapp.net","uang":92},{"id":"6287865669123@s.whatsapp.net","uang":90},{"id":"6283152061213@s.whatsapp.net","uang":186},{"id":"6285975060993@s.whatsapp.net","uang":98},{"id":"639511274818@s.whatsapp.net","uang":196},{"id":"62882008546673@s.whatsapp.net","uang":91},{"id":"6281233839648@s.whatsapp.net","uang":288},{"id":"6285888327221@s.whatsapp.net","uang":99}]